<?xml version="1.0" encoding="UTF-8" standalone="yes"?>
<addon id="repository.709" name="[B]The[COLOR gray] 709[/COLOR][COLOR dodgerblue]Repo[/COLOR][/B]-[COLOR goldenrod][B]Leia[/B][/COLOR]" version="1.1" provider-name="Zaxxon709">
    <extension point="xbmc.addon.repository" name="The709Repo">
        <dir>
            <info compressed="false">https://raw.githubusercontent.com/Zaxxon709/leia/main/zips/addons.xml</info>
            <checksum>https://raw.githubusercontent.com/Zaxxon709/leia/main/zips/addons.xml.md5</checksum>
            <datadir zip="true">https://raw.githubusercontent.com/Zaxxon709/leia/main/zips/</datadir>
        </dir>
    </extension>
    <extension point="xbmc.addon.metadata">
        <summary>[B]The[COLOR gray] 709[/COLOR][COLOR dodgerblue]Repo[/COLOR][/B]</summary>
        <description>709 Repository</description>
        <disclaimer></disclaimer>
        <platform>all</platform>
        <assets>
            <icon>icon.png</icon>
            <fanart>fanart.jpg</fanart>
        </assets>
    </extension>
</addon>
